{
  "total_samples": 1273,
  "invalid_extractions": 138,
  "invalid_rate": 10.840534171249018,
  "valid_rate": 89.15946582875098
}